Behaviour,occurrence,Actor,Receiver,T_start,T_stop,treatment_rep,treatment,time_sec
G,1,1,17,2021-04-26T10:58:43.836633270Z,2021-04-26T10:58:54.337123144Z,R9SP,pre,11.00000006
G,1,1,6,2021-04-26T11:02:52.963844315Z,2021-04-26T11:03:02.213958359Z,R9SP,pre,9.999999823
G,1,1,6,2021-04-26T11:06:04.090641918Z,2021-04-26T11:06:18.965772344Z,R9SP,pre,14.00000013
G,1,1,10,2021-04-26T11:07:19.466238424Z,2021-04-26T11:07:50.716630665Z,R9SP,pre,31.00000033
G,1,1,6,2021-04-26T11:09:46.343041691Z,2021-04-26T11:10:08.343253138Z,R9SP,pre,22.00000011
GQ,1,6,1,2021-04-26T11:10:08.343253138Z,2021-04-26T11:11:22.843551726Z,R9SP,pre,73.9999997
SG,1,2,,2021-04-26T11:07:36.841489060Z,2021-04-26T11:07:51.466541029Z,R9SP,pre,15.00000036
SG,1,3,,2021-04-26T10:56:58.585689283Z,2021-04-26T10:57:24.085915364Z,R9SP,pre,26.00000042
SG,1,3,,2021-04-26T10:57:30.960983582Z,2021-04-26T10:57:38.836076180Z,R9SP,pre,7.999999984
FR,1,3,26,2021-04-26T11:00:45.963124241Z,2021-04-26T11:00:50.837801755Z,R9SP,pre,4.999999912
FR,1,3,26,2021-04-26T11:01:41.838244377Z,2021-04-26T11:02:03.088425884Z,R9SP,pre,22.00000011
SG,1,3,,2021-04-26T11:07:14.216153499Z,2021-04-26T11:07:20.966359443Z,R9SP,pre,6.000000145
SG,1,3,,2021-04-26T11:07:51.591618571Z,2021-04-26T11:08:22.841878814Z,R9SP,pre,30.9999997
SG,1,3,,2021-04-26T11:10:02.467883273Z,2021-04-26T11:10:41.218104262Z,R9SP,pre,38.99999969
SG,1,3,,2021-04-26T11:10:49.718247569Z,2021-04-26T11:11:08.968417347Z,R9SP,pre,19.00000004
CR,1,12,4,2021-04-26T10:56:54.835594623Z,2021-04-26T10:56:59.960723663Z,R9SP,pre,4.999999912
T,1,4,18,2021-04-26T11:06:09.840678348Z,2021-04-26T11:06:25.340833113Z,R9SP,pre,16.0000006
FR,1,4,32,2021-04-26T11:08:52.467191408Z,2021-04-26T11:08:56.967214301Z,R9SP,pre,3.999999678
CR,1,12,4,2021-04-26T11:10:59.968324998Z,2021-04-26T11:11:20.718542927Z,R9SP,pre,20.99999988
SG,1,5,,2021-04-26T11:03:36.964297439Z,2021-04-26T11:03:44.839363841Z,R9SP,pre,7.999999984
SG,1,5,,2021-04-26T11:03:56.339457664Z,2021-04-26T11:04:00.089505023Z,R9SP,pre,3.999999678
SG,1,5,,2021-04-26T11:04:10.964611002Z,2021-04-26T11:04:31.215176833Z,R9SP,pre,20.99999988
SG,1,5,,2021-04-26T11:04:34.965242853Z,2021-04-26T11:05:44.215384053Z,R9SP,pre,70.00000002
SG,1,5,,2021-04-26T11:05:52.090535654Z,2021-04-26T11:06:06.340667057Z,R9SP,pre,14.00000013
SG,1,5,,2021-04-26T11:06:10.341073279Z,2021-04-26T11:06:31.466268142Z,R9SP,pre,20.99999988
SG,1,5,,2021-04-26T11:06:36.466325251Z,2021-04-26T11:07:44.591565512Z,R9SP,pre,68.00000018
SG,1,5,,2021-04-26T11:07:49.591614948Z,2021-04-26T11:07:58.466689942Z,R9SP,pre,9.000000218
SG,1,5,,2021-04-26T11:08:05.466801916Z,2021-04-26T11:08:14.717248917Z,R9SP,pre,9.000000218
SG,1,5,,2021-04-26T11:08:57.592295939Z,2021-04-26T11:09:06.467677548Z,R9SP,pre,9.000000218
FR,1,5,34,2021-04-26T11:09:08.217315145Z,2021-04-26T11:09:28.092417796Z,R9SP,pre,19.99999965
SG,1,5,,2021-04-26T11:11:03.843309979Z,2021-04-26T11:11:20.468521755Z,R9SP,pre,17.0000002
CR,1,6,27,2021-04-26T11:00:15.462866028Z,2021-04-26T11:01:04.837905903Z,R9SP,pre,49.00000014
G,1,1,6,2021-04-26T11:02:52.963844315Z,2021-04-26T11:03:02.213958359Z,R9SP,pre,9.999999823
G,1,1,6,2021-04-26T11:06:04.090641918Z,2021-04-26T11:06:18.965772344Z,R9SP,pre,14.00000013
FR,1,6,1,2021-04-26T11:06:43.340984351Z,2021-04-26T11:07:00.091129916Z,R9SP,pre,16.99999957
G,1,1,6,2021-04-26T11:09:46.343041691Z,2021-04-26T11:10:08.343253138Z,R9SP,pre,22.00000011
GQ,1,6,1,2021-04-26T11:10:08.343253138Z,2021-04-26T11:11:22.843551726Z,R9SP,pre,73.9999997
FR,1,8,22,2021-04-26T11:06:49.841048880Z,2021-04-26T11:06:56.216034310Z,R9SP,pre,6.99999975
SG,1,8,,2021-04-26T11:07:27.716409351Z,2021-04-26T11:07:31.716820800Z,R9SP,pre,4.000000306
SG,1,9,,2021-04-26T10:57:10.585821910Z,2021-04-26T10:57:16.085816002Z,R9SP,pre,6.000000145
SG,1,9,,2021-04-26T11:07:57.341663928Z,2021-04-26T11:08:33.592200803Z,R9SP,pre,36.00000024
CR,1,9,17,2021-04-26T11:09:25.967464063Z,2021-04-26T11:10:14.468309552Z,R9SP,pre,48.99999951
T,1,10,18,2021-04-26T11:06:40.215965340Z,2021-04-26T11:06:52.216063771Z,R9SP,pre,11.99999966
G,1,1,10,2021-04-26T11:07:19.466238424Z,2021-04-26T11:07:50.716630665Z,R9SP,pre,31.00000033
SG,1,10,,2021-04-26T11:08:01.966731800Z,2021-04-26T11:08:16.091751475Z,R9SP,pre,14.99999973
SG,1,11,,2021-04-26T10:56:27.335425430Z,2021-04-26T10:56:29.960833590Z,R9SP,pre,1.999999839
SG,1,11,,2021-04-26T10:58:14.586392494Z,2021-04-26T10:58:16.211302439Z,R9SP,pre,1.999999839
T,1,11,14,2021-04-26T10:59:10.461894503Z,2021-04-26T10:59:19.086906608Z,R9SP,pre,9.000000218
SG,1,11,,2021-04-26T10:59:35.462534103Z,2021-04-26T10:59:48.212216744Z,R9SP,pre,12.9999999
SG,1,11,,2021-04-26T10:59:52.837648562Z,2021-04-26T10:59:59.337241556Z,R9SP,pre,6.99999975
FR,1,11,14,2021-04-26T11:00:00.462341331Z,2021-04-26T11:00:05.712351584Z,R9SP,pre,4.999999912
CR,1,11,14,2021-04-26T11:00:56.962735323Z,2021-04-26T11:01:02.087870837Z,R9SP,pre,6.000000145
SG,1,11,,2021-04-26T11:07:53.716624614Z,2021-04-26T11:08:04.967122589Z,R9SP,pre,11.00000006
SG,1,12,,2021-04-26T10:56:20.585361056Z,2021-04-26T10:56:46.585581727Z,R9SP,pre,26.00000042
CR,1,12,4,2021-04-26T10:56:54.835594623Z,2021-04-26T10:56:59.960723663Z,R9SP,pre,4.999999912
SG,1,12,,2021-04-26T10:57:15.085844012Z,2021-04-26T10:57:20.335825636Z,R9SP,pre,4.999999912
SG,1,12,,2021-04-26T10:59:18.461884276Z,2021-04-26T10:59:21.337073583Z,R9SP,pre,3.000000073
CR,1,12,4,2021-04-26T11:10:59.968324998Z,2021-04-26T11:11:20.718542927Z,R9SP,pre,20.99999988
SG,1,13,,2021-04-26T11:05:59.715581355Z,2021-04-26T11:06:06.590665854Z,R9SP,pre,7.000000379
SG,1,13,,2021-04-26T11:08:15.216823198Z,2021-04-26T11:08:29.341960815Z,R9SP,pre,13.9999995
SG,1,13,,2021-04-26T11:08:32.716922747Z,2021-04-26T11:09:14.467375456Z,R9SP,pre,42.00000039
SG,1,13,,2021-04-26T11:09:21.717433588Z,2021-04-26T11:09:49.092679826Z,R9SP,pre,28.00000026
SG,1,14,,2021-04-26T10:56:24.585372109Z,2021-04-26T10:56:29.210444095Z,R9SP,pre,4.999999912
SG,1,14,,2021-04-26T10:57:00.710647267Z,2021-04-26T10:57:04.961180877Z,R9SP,pre,3.999999678
SG,1,14,,2021-04-26T10:57:09.085796810Z,2021-04-26T10:57:14.710726060Z,R9SP,pre,4.999999912
SG,1,14,,2021-04-26T10:58:25.711508044Z,2021-04-26T10:59:05.461842858Z,R9SP,pre,39.99999992
T,1,14,11,2021-04-26T10:59:10.461894503Z,2021-04-26T10:59:19.086906608Z,R9SP,pre,9.000000218
SG,1,14,,2021-04-26T10:59:30.712071016Z,2021-04-26T10:59:53.712286325Z,R9SP,pre,22.99999972
FR,1,14,11,2021-04-26T11:00:00.462341331Z,2021-04-26T11:00:05.712351584Z,R9SP,pre,4.999999912
CR,1,11,14,2021-04-26T11:00:56.962735323Z,2021-04-26T11:01:02.087870837Z,R9SP,pre,6.000000145
SG,1,14,,2021-04-26T11:01:11.712903840Z,2021-04-26T11:01:37.088205030Z,R9SP,pre,26.00000042
SG,1,14,,2021-04-26T11:01:40.338168621Z,2021-04-26T11:02:02.838402464Z,R9SP,pre,22.00000011
SG,1,14,,2021-04-26T11:02:20.088552665Z,2021-04-26T11:02:41.088720473Z,R9SP,pre,20.99999988
SG,1,14,,2021-04-26T11:03:55.339514026Z,2021-04-26T11:04:06.714567126Z,R9SP,pre,11.00000006
SG,1,14,,2021-04-26T11:06:35.715928566Z,2021-04-26T11:06:46.341401113Z,R9SP,pre,11.00000006
SG,1,14,,2021-04-26T11:07:36.966489114Z,2021-04-26T11:07:40.841904579Z,R9SP,pre,4.000000306
FR,1,15,18,2021-04-26T11:05:51.465514462Z,2021-04-26T11:05:53.090500402Z,R9SP,pre,1.999999839
SG,1,15,,2021-04-26T11:06:10.341073279Z,2021-04-26T11:06:15.341159818Z,R9SP,pre,4.999999912
SG,1,16,,2021-04-26T10:57:26.210955502Z,2021-04-26T10:57:38.585988748Z,R9SP,pre,11.99999966
FR,1,16,19,2021-04-26T10:58:27.211428935Z,2021-04-26T11:01:04.087909502Z,R9SP,pre,157.0000002
T,1,16,19,2021-04-26T11:01:04.087909502Z,2021-04-26T11:01:58.838414295Z,R9SP,pre,54.00000005
SG,1,17,,2021-04-26T10:57:09.835809787Z,2021-04-26T10:57:13.335846374Z,R9SP,pre,4.000000306
SG,1,17,,2021-04-26T10:57:35.336460696Z,2021-04-26T10:58:31.211535296Z,R9SP,pre,55.99999989
G,1,1,17,2021-04-26T10:58:43.836633270Z,2021-04-26T10:58:54.337123144Z,R9SP,pre,11.00000006
SG,1,17,,2021-04-26T10:59:16.336910455Z,2021-04-26T11:00:13.837452258Z,R9SP,pre,57.00000012
SG,1,17,,2021-04-26T11:01:06.712847643Z,2021-04-26T11:01:12.462904629Z,R9SP,pre,6.000000145
SG,1,17,,2021-04-26T11:03:20.714071346Z,2021-04-26T11:03:28.589642555Z,R9SP,pre,7.999999984
SG,1,17,,2021-04-26T11:04:28.839758580Z,2021-04-26T11:04:38.464856724Z,R9SP,pre,9.999999823
SG,1,17,,2021-04-26T11:04:40.090295145Z,2021-04-26T11:05:07.340110628Z,R9SP,pre,27.00000003
SG,1,17,,2021-04-26T11:05:32.215349623Z,2021-04-26T11:05:43.340437478Z,R9SP,pre,11.00000006
SG,1,17,,2021-04-26T11:06:47.341022958Z,2021-04-26T11:07:00.091129916Z,R9SP,pre,12.9999999
SG,1,17,,2021-04-26T11:07:11.966280671Z,2021-04-26T11:07:41.341507709Z,R9SP,pre,30.0000001
SG,1,17,,2021-04-26T11:07:59.341689229Z,2021-04-26T11:08:30.966909312Z,R9SP,pre,30.9999997
SG,1,18,,2021-04-26T10:58:41.337010628Z,2021-04-26T10:59:22.211989769Z,R9SP,pre,41.00000015
SG,1,18,,2021-04-26T11:02:29.463620481Z,2021-04-26T11:02:41.463791447Z,R9SP,pre,12.00000029
T,1,18,4,2021-04-26T11:06:09.840678348Z,2021-04-26T11:06:25.340833113Z,R9SP,pre,16.0000006
SG,1,18,,2021-04-26T11:06:29.715801974Z,2021-04-26T11:06:35.465864555Z,R9SP,pre,6.000000145
T,1,18,10,2021-04-26T11:06:40.215965340Z,2021-04-26T11:06:52.216063771Z,R9SP,pre,11.99999966
T,1,18,34,2021-04-26T11:07:30.466414386Z,2021-04-26T11:07:43.591968629Z,R9SP,pre,12.9999999
SG,1,18,,2021-04-26T11:07:49.466580097Z,2021-04-26T11:07:56.216569889Z,R9SP,pre,7.000000379
SG,1,18,,2021-04-26T11:08:03.716718688Z,2021-04-26T11:08:08.842211969Z,R9SP,pre,4.999999912
SG,1,18,,2021-04-26T11:08:29.216950591Z,2021-04-26T11:08:37.342421662Z,R9SP,pre,7.999999984
FR,1,18,29,2021-04-26T11:08:38.592018669Z,2021-04-26T11:08:45.342031259Z,R9SP,pre,6.99999975
SG,1,18,,2021-04-26T11:08:51.217053302Z,2021-04-26T11:09:07.717310319Z,R9SP,pre,15.99999997
FR,1,18,30,2021-04-26T11:10:52.093199087Z,2021-04-26T11:10:57.593247400Z,R9SP,pre,4.999999912
SG,1,19,,2021-04-26T10:56:32.710468896Z,2021-04-26T10:56:49.335623897Z,R9SP,pre,17.0000002
SG,1,19,,2021-04-26T10:57:02.835624695Z,2021-04-26T10:57:14.210842180Z,R9SP,pre,11.99999966
SG,1,19,,2021-04-26T10:57:30.835989217Z,2021-04-26T10:57:55.836071651Z,R9SP,pre,25.00000019
FR,1,19,16,2021-04-26T10:58:27.211428935Z,2021-04-26T11:01:04.087909502Z,R9SP,pre,157.0000002
T,1,19,16,2021-04-26T11:01:04.087909502Z,2021-04-26T11:01:58.838414295Z,R9SP,pre,54.00000005
SG,1,20,,2021-04-26T10:57:03.960763566Z,2021-04-26T10:57:06.835769341Z,R9SP,pre,3.000000073
SG,1,20,,2021-04-26T10:58:03.586287924Z,2021-04-26T10:58:29.586898288Z,R9SP,pre,26.00000042
SG,1,21,,2021-04-26T11:01:40.088271155Z,2021-04-26T11:01:43.213651986Z,R9SP,pre,3.000000073
SG,1,21,,2021-04-26T11:01:47.213313587Z,2021-04-26T11:01:58.838414295Z,R9SP,pre,11.00000006
SG,1,21,,2021-04-26T11:02:17.463549298Z,2021-04-26T11:02:31.213692815Z,R9SP,pre,14.00000013
SG,1,21,,2021-04-26T11:08:17.966853977Z,2021-04-26T11:08:30.092344677Z,R9SP,pre,12.9999999
SG,1,21,,2021-04-26T11:08:50.967583965Z,2021-04-26T11:08:55.467623778Z,R9SP,pre,4.999999912
SG,1,21,,2021-04-26T11:09:01.217228223Z,2021-04-26T11:09:06.467677548Z,R9SP,pre,5.00000054
SG,1,21,,2021-04-26T11:09:17.092820684Z,2021-04-26T11:09:21.217369004Z,R9SP,pre,3.999999678
SG,1,21,,2021-04-26T11:09:24.842396317Z,2021-04-26T11:10:30.468035923Z,R9SP,pre,65.99999971
SG,1,22,,2021-04-26T10:57:39.961060815Z,2021-04-26T10:57:58.211161954Z,R9SP,pre,19.00000004
SG,1,22,,2021-04-26T10:58:04.836724407Z,2021-04-26T10:58:55.711750073Z,R9SP,pre,50.99999998
SG,1,22,,2021-04-26T11:03:27.839212210Z,2021-04-26T11:03:30.964247595Z,R9SP,pre,3.000000073
SG,1,22,,2021-04-26T11:03:37.214314690Z,2021-04-26T11:03:43.964368602Z,R9SP,pre,6.000000145
SG,1,22,,2021-04-26T11:03:47.089376714Z,2021-04-26T11:03:50.964459381Z,R9SP,pre,3.000000073
SG,1,22,,2021-04-26T11:03:53.964835632Z,2021-04-26T11:04:04.839541353Z,R9SP,pre,11.00000006
SG,1,22,,2021-04-26T11:04:08.714571350Z,2021-04-26T11:04:22.089701508Z,R9SP,pre,14.00000013
G,1,22,24,2021-04-26T11:04:27.714728646Z,2021-04-26T11:04:51.839964261Z,R9SP,pre,23.99999995
SG,1,22,,2021-04-26T11:05:43.715437316Z,2021-04-26T11:05:52.590566043Z,R9SP,pre,9.000000218
FR,1,22,8,2021-04-26T11:06:49.841048880Z,2021-04-26T11:06:56.216034310Z,R9SP,pre,6.99999975
SG,1,22,,2021-04-26T11:11:09.218430886Z,2021-04-26T11:11:19.843522937Z,R9SP,pre,9.999999823
T,1,23,29,2021-04-26T10:56:37.960830007Z,2021-04-26T10:56:48.585525461Z,R9SP,pre,11.00000006
SG,1,23,,2021-04-26T10:58:08.586227333Z,2021-04-26T10:58:19.961442892Z,R9SP,pre,11.00000006
SG,1,23,,2021-04-26T10:58:25.211467531Z,2021-04-26T10:58:42.086641137Z,R9SP,pre,17.0000002
SG,1,24,,2021-04-26T10:59:56.962693749Z,2021-04-26T11:00:18.712503243Z,R9SP,pre,22.00000011
SG,1,24,,2021-04-26T11:00:30.462521470Z,2021-04-26T11:04:27.965185654Z,R9SP,pre,236.9999995
G,1,22,24,2021-04-26T11:04:27.714728646Z,2021-04-26T11:04:51.839964261Z,R9SP,pre,23.99999995
SG,1,24,,2021-04-26T11:05:06.340106803Z,2021-04-26T11:05:21.715242184Z,R9SP,pre,14.99999973
SG,1,24,,2021-04-26T11:05:26.715207919Z,2021-04-26T11:05:48.465478758Z,R9SP,pre,22.00000011
SG,1,24,,2021-04-26T11:06:20.465774198Z,2021-04-26T11:06:27.340856004Z,R9SP,pre,7.000000379
SG,1,24,,2021-04-26T11:06:38.465962230Z,2021-04-26T11:06:54.716022709Z,R9SP,pre,15.99999997
SG,1,24,,2021-04-26T11:06:58.966127523Z,2021-04-26T11:07:03.591082582Z,R9SP,pre,4.999999912
SG,1,24,,2021-04-26T11:07:07.716150353Z,2021-04-26T11:07:18.216236381Z,R9SP,pre,11.00000006
SG,1,24,,2021-04-26T11:07:39.591506244Z,2021-04-26T11:07:44.591565512Z,R9SP,pre,4.999999912
SG,1,25,,2021-04-26T10:56:51.835561182Z,2021-04-26T10:56:54.460654119Z,R9SP,pre,3.000000073
FR,1,26,3,2021-04-26T11:00:45.963124241Z,2021-04-26T11:00:50.837801755Z,R9SP,pre,4.999999912
FR,1,26,3,2021-04-26T11:01:41.838244377Z,2021-04-26T11:02:03.088425884Z,R9SP,pre,22.00000011
G,1,26,31,2021-04-26T11:04:30.964796292Z,2021-04-26T11:05:45.590392188Z,R9SP,pre,74.99999993
G,1,26,31,2021-04-26T11:05:52.215451990Z,2021-04-26T11:07:19.466238424Z,R9SP,pre,86.99999959
SG,1,26,,2021-04-26T11:07:22.591351529Z,2021-04-26T11:07:55.341742269Z,R9SP,pre,33.00000017
CR,1,6,27,2021-04-26T11:00:15.462866028Z,2021-04-26T11:01:04.837905903Z,R9SP,pre,49.00000014
SG,1,27,,2021-04-26T11:03:13.589037177Z,2021-04-26T11:03:20.339070760Z,R9SP,pre,6.99999975
SG,1,27,,2021-04-26T11:03:30.089233969Z,2021-04-26T11:03:40.589338051Z,R9SP,pre,9.999999823
TB,1,27,,2021-04-26T11:03:42.464336674Z,2021-04-26T11:03:46.464437382Z,R9SP,pre,4.000000306
SG,1,27,,2021-04-26T11:03:56.339457664Z,2021-04-26T11:03:58.339489847Z,R9SP,pre,1.999999839
SG,1,27,,2021-04-26T11:07:14.466277649Z,2021-04-26T11:07:46.716570704Z,R9SP,pre,31.99999994
SG,1,27,,2021-04-26T11:07:50.216526016Z,2021-04-26T11:08:10.216778299Z,R9SP,pre,19.99999965
SG,1,28,,2021-04-26T10:56:41.960936505Z,2021-04-26T10:56:44.460576790Z,R9SP,pre,3.000000073
SG,1,28,,2021-04-26T11:06:51.216010131Z,2021-04-26T11:06:59.341123782Z,R9SP,pre,7.999999984
SG,1,28,,2021-04-26T11:07:40.716433520Z,2021-04-26T11:07:44.216473502Z,R9SP,pre,3.999999678
SG,1,28,,2021-04-26T11:07:53.091831163Z,2021-04-26T11:08:22.341894446Z,R9SP,pre,28.99999986
SG,1,28,,2021-04-26T11:08:29.591995634Z,2021-04-26T11:08:34.341995779Z,R9SP,pre,5.00000054
SG,1,28,,2021-04-26T11:08:38.717047731Z,2021-04-26T11:11:21.093535770Z,R9SP,pre,162.9999998
T,1,29,23,2021-04-26T10:56:37.960830007Z,2021-04-26T10:56:48.585525461Z,R9SP,pre,11.00000006
FR,1,29,18,2021-04-26T11:08:38.592018669Z,2021-04-26T11:08:45.342031259Z,R9SP,pre,6.99999975
TB,1,29,,2021-04-26T11:09:43.717615503Z,2021-04-26T11:09:50.967693905Z,R9SP,pre,6.99999975
FR,1,30,31,2021-04-26T10:56:21.335367266Z,2021-04-26T10:57:13.710761184Z,R9SP,pre,52.00000021
FR,1,30,31,2021-04-26T10:58:20.711339827Z,2021-04-26T10:59:09.836820860Z,R9SP,pre,49.00000014
FR,1,30,34,2021-04-26T11:07:01.591493362Z,2021-04-26T11:07:03.591082582Z,R9SP,pre,1.999999839
SG,1,30,,2021-04-26T11:08:39.341975935Z,2021-04-26T11:08:42.967090302Z,R9SP,pre,3.000000073
FR,1,30,18,2021-04-26T11:10:52.093199087Z,2021-04-26T11:10:57.593247400Z,R9SP,pre,4.999999912
FR,1,31,30,2021-04-26T10:56:21.335367266Z,2021-04-26T10:57:13.710761184Z,R9SP,pre,52.00000021
FR,1,31,30,2021-04-26T10:58:20.711339827Z,2021-04-26T10:59:09.836820860Z,R9SP,pre,49.00000014
SG,1,31,,2021-04-26T11:01:46.588287070Z,2021-04-26T11:01:49.588252688Z,R9SP,pre,3.000000073
G,1,26,31,2021-04-26T11:04:30.964796292Z,2021-04-26T11:05:45.590392188Z,R9SP,pre,74.99999993
G,1,26,31,2021-04-26T11:05:52.215451990Z,2021-04-26T11:07:19.466238424Z,R9SP,pre,86.99999959
SG,1,31,,2021-04-26T11:07:25.091373603Z,2021-04-26T11:07:28.341414155Z,R9SP,pre,3.000000073
SG,1,31,,2021-04-26T11:07:31.591366191Z,2021-04-26T11:07:39.216362104Z,R9SP,pre,7.999999984
SG,1,32,,2021-04-26T11:07:54.341631988Z,2021-04-26T11:07:59.841681537Z,R9SP,pre,5.00000054
FR,1,32,4,2021-04-26T11:08:52.467191408Z,2021-04-26T11:08:56.967214301Z,R9SP,pre,3.999999678
SG,1,32,,2021-04-26T11:09:59.843012528Z,2021-04-26T11:10:11.217860250Z,R9SP,pre,11.99999966
SG,1,32,,2021-04-26T11:10:14.592878861Z,2021-04-26T11:10:33.843020983Z,R9SP,pre,19.00000004
SG,1,34,,2021-04-26T11:04:23.465157167Z,2021-04-26T11:04:29.464708439Z,R9SP,pre,6.000000145
SG,1,34,,2021-04-26T11:04:44.089890088Z,2021-04-26T11:04:52.964988926Z,R9SP,pre,7.999999984
SG,1,34,,2021-04-26T11:05:02.340074857Z,2021-04-26T11:05:08.340113037Z,R9SP,pre,6.000000145
SG,1,34,,2021-04-26T11:05:45.465450351Z,2021-04-26T11:05:53.965547925Z,R9SP,pre,7.999999984
FR,1,34,30,2021-04-26T11:07:01.591493362Z,2021-04-26T11:07:03.591082582Z,R9SP,pre,1.999999839
T,1,34,18,2021-04-26T11:07:30.466414386Z,2021-04-26T11:07:43.591968629Z,R9SP,pre,12.9999999
SG,1,34,,2021-04-26T11:08:04.841650354Z,2021-04-26T11:08:09.466697276Z,R9SP,pre,4.999999912
FR,1,34,5,2021-04-26T11:09:08.217315145Z,2021-04-26T11:09:28.092417796Z,R9SP,pre,19.99999965
SG,1,1,,2021-03-16T12:15:45.796144919Z,2021-03-16T12:16:13.421345007Z,R3SP,post,27.99999963
T,1,1,18,2021-03-16T12:16:16.421366854Z,2021-03-16T12:16:22.296408408Z,R3SP,post,6.000000145
SG,1,1,,2021-03-16T12:16:29.296395556Z,2021-03-16T12:16:32.546480073Z,R3SP,post,3.000000073
SG,1,1,,2021-03-16T12:16:35.921449292Z,2021-03-16T12:16:39.546527122Z,R3SP,post,4.000000306
SG,1,1,,2021-03-16T12:16:40.796537655Z,2021-03-16T12:17:02.546675891Z,R3SP,post,22.00000011
G,1,1,5,2021-03-16T12:17:07.796671644Z,2021-03-16T12:17:39.046950765Z,R3SP,post,31.99999994
G,1,1,5,2021-03-16T12:17:46.672001592Z,2021-03-16T12:17:58.547074614Z,R3SP,post,11.99999966
SG,1,1,,2021-03-16T12:18:08.922149815Z,2021-03-16T12:18:17.672170047Z,R3SP,post,9.000000218
SG,1,1,,2021-03-16T12:18:21.672225769Z,2021-03-16T12:18:26.797279859Z,R3SP,post,4.999999912
FR,1,1,26,2021-03-16T12:18:49.672427106Z,2021-03-16T12:18:51.547438394Z,R3SP,post,1.999999839
SG,1,1,,2021-03-16T12:19:02.047468999Z,2021-03-16T12:19:30.172644501Z,R3SP,post,28.00000026
G,1,1,5,2021-03-16T12:19:52.672858071Z,2021-03-16T12:20:16.547966403Z,R3SP,post,23.99999995
SG,1,1,,2021-03-16T12:20:26.048137614Z,2021-03-16T12:20:30.048065569Z,R3SP,post,4.000000306
SG,1,1,,2021-03-16T12:20:31.923130925Z,2021-03-16T12:20:46.798284400Z,R3SP,post,15.00000036
SG,1,1,,2021-03-16T12:22:27.923954282Z,2021-03-16T12:22:32.423988324Z,R3SP,post,4.999999912
SG,1,1,,2021-03-16T12:22:58.549127250Z,2021-03-16T12:23:09.424248100Z,R3SP,post,10.99999943
SG,1,1,,2021-03-16T12:23:17.299310756Z,2021-03-16T12:23:39.299442045Z,R3SP,post,21.99999948
SG,1,1,,2021-03-16T12:23:44.674499753Z,2021-03-16T12:24:15.799711901Z,R3SP,post,31.00000033
SG,1,1,,2021-03-16T12:27:45.551305145Z,2021-03-16T12:27:58.676288625Z,R3SP,post,12.9999999
SG,1,1,,2021-03-16T12:28:02.301392540Z,2021-03-16T12:28:03.426422074Z,R3SP,post,0.999999605
FR,1,1,8,2021-03-16T12:28:10.676453920Z,2021-03-16T12:28:16.551529479Z,R3SP,post,5.999999517
SG,1,2,,2021-03-16T12:13:29.170186622Z,2021-03-16T12:13:37.545256313Z,R3SP,post,7.999999984
SG,1,2,,2021-03-16T12:13:41.170274090Z,2021-03-16T12:13:43.420301112Z,R3SP,post,1.999999839
SG,1,2,,2021-03-16T12:14:11.545501422Z,2021-03-16T12:14:16.545565342Z,R3SP,post,4.999999912
SG,1,2,,2021-03-16T12:14:35.420618815Z,2021-03-16T12:14:37.545735538Z,R3SP,post,1.999999839
G,1,2,5,2021-03-16T12:14:40.795715400Z,2021-03-16T12:15:33.671040861Z,R3SP,post,52.99999982
SG,1,2,,2021-03-16T12:15:35.796114178Z,2021-03-16T12:15:44.171135472Z,R3SP,post,9.000000218
G,1,2,5,2021-03-16T12:15:48.296175225Z,2021-03-16T12:16:30.171453926Z,R3SP,post,42.00000039
SG,1,2,,2021-03-16T12:16:55.296637366Z,2021-03-16T12:16:56.546683157Z,R3SP,post,0.999999605
SG,1,2,,2021-03-16T12:17:41.046956034Z,2021-03-16T12:17:42.796910186Z,R3SP,post,1.000000234
SG,1,2,,2021-03-16T12:18:01.922100426Z,2021-03-16T12:18:14.547192537Z,R3SP,post,12.9999999
SG,1,2,,2021-03-16T12:18:15.922140761Z,2021-03-16T12:18:24.047201065Z,R3SP,post,8.999999589
SG,1,2,,2021-03-16T12:18:27.797282516Z,2021-03-16T12:18:30.297254252Z,R3SP,post,3.000000073
SG,1,2,,2021-03-16T12:18:35.422274080Z,2021-03-16T12:18:45.797403645Z,R3SP,post,10.00000045
TB,1,2,,2021-03-16T12:18:46.297409708Z,2021-03-16T12:19:00.172435337Z,R3SP,post,14.00000013
SG,1,2,,2021-03-16T12:19:21.672650503Z,2021-03-16T12:19:37.172757026Z,R3SP,post,15.99999997
SG,1,2,,2021-03-16T12:20:19.548054298Z,2021-03-16T12:20:27.548156220Z,R3SP,post,7.999999984
G,1,2,5,2021-03-16T12:20:48.923211010Z,2021-03-16T12:20:52.798284357Z,R3SP,post,3.999999678
G,1,2,17,2021-03-16T12:20:55.673314746Z,2021-03-16T12:22:04.798832615Z,R3SP,post,69.00000041
SG,1,2,,2021-03-16T12:22:05.173775255Z,2021-03-16T12:22:14.048870680Z,R3SP,post,9.000000218
SG,1,2,,2021-03-16T12:22:18.298841793Z,2021-03-16T12:22:49.174105611Z,R3SP,post,31.00000033
SG,1,2,,2021-03-16T12:22:50.799154Z,2021-03-16T12:22:56.049199316Z,R3SP,post,5.999999517
G,1,2,5,2021-03-16T12:28:01.926349938Z,2021-03-16T12:28:22.051566709Z,R3SP,post,20.99999988
FR,1,3,7,2021-03-16T12:21:22.798513632Z,2021-03-16T12:21:25.923512184Z,R3SP,post,3.000000073
FR,1,3,15,2021-03-16T12:25:01.425039963Z,2021-03-16T12:25:04.675016900Z,R3SP,post,3.000000073
FR,1,3,6,2021-03-16T12:25:07.050099716Z,2021-03-16T12:25:20.925129884Z,R3SP,post,12.9999999
FR,1,3,6,2021-03-16T12:25:30.425195734Z,2021-03-16T12:25:33.675222190Z,R3SP,post,3.000000073
T,1,3,4,2021-03-16T12:25:53.675421667Z,2021-03-16T12:26:01.300458351Z,R3SP,post,7.999999984
T,1,3,4,2021-03-16T12:26:18.800598373Z,2021-03-16T12:26:42.800753343Z,R3SP,post,23.99999995
SG,1,3,,2021-03-16T12:27:21.926046747Z,2021-03-16T12:27:28.926161140Z,R3SP,post,6.99999975
CR,1,4,17,2021-03-16T12:13:47.295273318Z,2021-03-16T12:13:49.170286550Z,R3SP,post,2.000000468
SG,1,4,,2021-03-16T12:14:02.295383353Z,2021-03-16T12:14:07.295460953Z,R3SP,post,4.999999912
FR,1,4,28,2021-03-16T12:14:20.545606687Z,2021-03-16T12:14:22.920532773Z,R3SP,post,1.999999839
SG,1,4,,2021-03-16T12:14:34.670680752Z,2021-03-16T12:14:59.545866814Z,R3SP,post,25.00000019
SG,1,4,,2021-03-16T12:15:04.545881402Z,2021-03-16T12:15:13.670940279Z,R3SP,post,8.999999589
A,1,4,5,2021-03-16T12:15:32.796073519Z,2021-03-16T12:15:34.796083336Z,R3SP,post,2.000000468
G,1,4,5,2021-03-16T12:15:36.421093520Z,2021-03-16T12:16:06.296225448Z,R3SP,post,30.0000001
SG,1,4,,2021-03-16T12:16:09.296248294Z,2021-03-16T12:16:17.046439343Z,R3SP,post,7.999999984
TB,1,4,,2021-03-16T12:16:44.421561285Z,2021-03-16T12:16:48.296595610Z,R3SP,post,3.999999678
SG,1,4,,2021-03-16T12:16:59.046729237Z,2021-03-16T12:17:06.171717902Z,R3SP,post,6.99999975
SG,1,4,,2021-03-16T12:18:16.172140519Z,2021-03-16T12:18:17.422154303Z,R3SP,post,1.000000234
T,1,4,20,2021-03-16T12:19:42.047811152Z,2021-03-16T12:19:50.172854242Z,R3SP,post,7.999999984
FR,1,4,13,2021-03-16T12:20:28.798160070Z,2021-03-16T12:20:31.423089071Z,R3SP,post,3.000000073
SG,1,4,,2021-03-16T12:20:33.298169225Z,2021-03-16T12:20:35.798113516Z,R3SP,post,1.999999839
T,1,4,22,2021-03-16T12:21:35.298579840Z,2021-03-16T12:21:46.798715162Z,R3SP,post,11.00000006
A,1,24,4,2021-03-16T12:21:46.173664040Z,2021-03-16T12:21:49.548772272Z,R3SP,post,3.000000073
SG,1,4,,2021-03-16T12:22:11.673792790Z,2021-03-16T12:22:22.548921208Z,R3SP,post,11.00000006
T,1,4,7,2021-03-16T12:22:45.549098502Z,2021-03-16T12:23:02.174149211Z,R3SP,post,17.0000002
FR,1,4,20,2021-03-16T12:23:49.799535132Z,2021-03-16T12:23:53.299506159Z,R3SP,post,3.999999678
SG,1,4,,2021-03-16T12:24:11.299697275Z,2021-03-16T12:24:14.924713714Z,R3SP,post,3.000000073
T,1,4,3,2021-03-16T12:25:53.675421667Z,2021-03-16T12:26:01.300458351Z,R3SP,post,7.999999984
T,1,4,3,2021-03-16T12:26:18.800598373Z,2021-03-16T12:26:42.800753343Z,R3SP,post,23.99999995
SG,1,4,,2021-03-16T12:27:17.300951248Z,2021-03-16T12:27:35.676085771Z,R3SP,post,18.00000044
SG,1,4,,2021-03-16T12:28:09.426475218Z,2021-03-16T12:28:20.801404975Z,R3SP,post,11.00000006
G,1,18,5,2021-03-16T12:13:33.420223611Z,2021-03-16T12:13:45.295310756Z,R3SP,post,11.99999966
G,1,23,5,2021-03-16T12:13:35.045248967Z,2021-03-16T12:13:45.295310756Z,R3SP,post,9.999999823
G,1,23,5,2021-03-16T12:13:49.795348402Z,2021-03-16T12:13:58.795357048Z,R3SP,post,8.999999589
A,1,23,5,2021-03-16T12:14:00.420432044Z,2021-03-16T12:14:02.795388702Z,R3SP,post,1.999999839
G,1,2,5,2021-03-16T12:14:40.795715400Z,2021-03-16T12:15:33.671040861Z,R3SP,post,52.99999982
A,1,4,5,2021-03-16T12:15:32.796073519Z,2021-03-16T12:15:34.796083336Z,R3SP,post,2.000000468
G,1,4,5,2021-03-16T12:15:36.421093520Z,2021-03-16T12:16:06.296225448Z,R3SP,post,30.0000001
G,1,2,5,2021-03-16T12:15:48.296175225Z,2021-03-16T12:16:30.171453926Z,R3SP,post,42.00000039
SG,1,5,,2021-03-16T12:16:43.171559616Z,2021-03-16T12:17:05.796757027Z,R3SP,post,22.00000011
G,1,1,5,2021-03-16T12:17:07.796671644Z,2021-03-16T12:17:39.046950765Z,R3SP,post,31.99999994
G,1,1,5,2021-03-16T12:17:46.672001592Z,2021-03-16T12:17:58.547074614Z,R3SP,post,11.99999966
SG,1,5,,2021-03-16T12:19:15.547606659Z,2021-03-16T12:19:21.047658731Z,R3SP,post,5.999999517
G,1,1,5,2021-03-16T12:19:52.672858071Z,2021-03-16T12:20:16.547966403Z,R3SP,post,23.99999995
G,1,2,5,2021-03-16T12:20:48.923211010Z,2021-03-16T12:20:52.798284357Z,R3SP,post,3.999999678
G,1,23,5,2021-03-16T12:22:01.173719822Z,2021-03-16T12:22:34.549023519Z,R3SP,post,33.00000017
G,1,24,5,2021-03-16T12:23:17.799298312Z,2021-03-16T12:25:47.050314102Z,R3SP,post,149.9999999
G,1,18,5,2021-03-16T12:25:50.550398963Z,2021-03-16T12:26:41.300725876Z,R3SP,post,50.99999998
SG,1,5,,2021-03-16T12:27:20.551039906Z,2021-03-16T12:27:32.051136518Z,R3SP,post,12.00000029
G,1,2,5,2021-03-16T12:28:01.926349938Z,2021-03-16T12:28:22.051566709Z,R3SP,post,20.99999988
SG,1,6,,2021-03-16T12:13:32.170227521Z,2021-03-16T12:13:34.795243632Z,R3SP,post,1.999999839
SG,1,6,,2021-03-16T12:13:38.420263386Z,2021-03-16T12:13:44.795260079Z,R3SP,post,6.000000145
T,1,6,7,2021-03-16T12:19:59.297931359Z,2021-03-16T12:20:15.047964116Z,R3SP,post,15.99999997
SG,1,6,,2021-03-16T12:20:27.173118496Z,2021-03-16T12:21:10.298477668Z,R3SP,post,42.99999999
G,1,8,6,2021-03-16T12:21:58.798807447Z,2021-03-16T12:22:20.298915163Z,R3SP,post,22.00000011
SG,1,6,,2021-03-16T12:24:20.299681854Z,2021-03-16T12:24:40.174895123Z,R3SP,post,20.00000027
FR,1,3,6,2021-03-16T12:25:07.050099716Z,2021-03-16T12:25:20.925129884Z,R3SP,post,12.9999999
FR,1,3,6,2021-03-16T12:25:30.425195734Z,2021-03-16T12:25:33.675222190Z,R3SP,post,3.000000073
CR,1,15,6,2021-03-16T12:25:43.800305183Z,2021-03-16T12:26:00.050409428Z,R3SP,post,17.0000002
FR,1,6,15,2021-03-16T12:27:11.425924465Z,2021-03-16T12:27:16.801085434Z,R3SP,post,4.999999912
CR,1,7,21,2021-03-16T12:13:44.795260079Z,2021-03-16T12:14:15.670598152Z,R3SP,post,30.9999997
SG,1,7,,2021-03-16T12:17:17.546770334Z,2021-03-16T12:17:24.921859854Z,R3SP,post,7.000000379
T,1,7,18,2021-03-16T12:18:39.047350340Z,2021-03-16T12:19:10.797521246Z,R3SP,post,30.9999997
SG,1,7,,2021-03-16T12:19:19.797632452Z,2021-03-16T12:19:50.547854390Z,R3SP,post,30.9999997
T,1,7,6,2021-03-16T12:19:59.297931359Z,2021-03-16T12:20:15.047964116Z,R3SP,post,15.99999997
SG,1,7,,2021-03-16T12:20:33.423160231Z,2021-03-16T12:20:50.673284906Z,R3SP,post,16.99999957
FR,1,7,3,2021-03-16T12:21:22.798513632Z,2021-03-16T12:21:25.923512184Z,R3SP,post,3.000000073
SG,1,7,,2021-03-16T12:21:46.423669449Z,2021-03-16T12:21:51.923702629Z,R3SP,post,5.00000054
SG,1,7,,2021-03-16T12:22:07.923806599Z,2021-03-16T12:22:22.673912497Z,R3SP,post,14.99999973
SG,1,7,,2021-03-16T12:22:26.798908556Z,2021-03-16T12:22:33.174002612Z,R3SP,post,7.000000379
T,1,7,4,2021-03-16T12:22:45.549098502Z,2021-03-16T12:23:02.174149211Z,R3SP,post,17.0000002
A,1,18,7,2021-03-16T12:23:10.924252063Z,2021-03-16T12:23:14.424288401Z,R3SP,post,4.000000306
SG,1,8,,2021-03-16T12:13:21.795172395Z,2021-03-16T12:13:48.545333662Z,R3SP,post,27.00000003
SG,1,8,,2021-03-16T12:14:17.920558056Z,2021-03-16T12:14:30.670703833Z,R3SP,post,12.9999999
SG,1,8,,2021-03-16T12:15:11.170859789Z,2021-03-16T12:16:21.671409140Z,R3SP,post,70.00000002
G,1,8,6,2021-03-16T12:21:58.798807447Z,2021-03-16T12:22:20.298915163Z,R3SP,post,22.00000011
SG,1,8,,2021-03-16T12:22:57.299159127Z,2021-03-16T12:23:12.549282277Z,R3SP,post,14.99999973
FR,1,8,23,2021-03-16T12:24:01.049620686Z,2021-03-16T12:24:07.174641275Z,R3SP,post,6.000000145
FR,1,8,23,2021-03-16T12:24:30.049827161Z,2021-03-16T12:24:42.799872855Z,R3SP,post,12.00000029
CR,1,23,8,2021-03-16T12:25:12.425133423Z,2021-03-16T12:25:57.050397877Z,R3SP,post,44.99999983
FR,1,8,1,2021-03-16T12:28:10.676453920Z,2021-03-16T12:28:16.551529479Z,R3SP,post,5.999999517
G,1,26,9,2021-03-16T12:21:17.798495294Z,2021-03-16T12:21:28.798617654Z,R3SP,post,11.00000006
SG,1,10,,2021-03-16T12:14:24.670575663Z,2021-03-16T12:14:46.920701572Z,R3SP,post,22.00000011
SG,1,10,,2021-03-16T12:15:03.170873548Z,2021-03-16T12:16:00.046297246Z,R3SP,post,57.00000012
SG,1,11,,2021-03-16T12:13:22.420107077Z,2021-03-16T12:13:23.670127837Z,R3SP,post,0.999999605
SG,1,11,,2021-03-16T12:14:20.045615362Z,2021-03-16T12:14:46.545762662Z,R3SP,post,26.00000042
SG,1,12,,2021-03-16T12:13:22.170095934Z,2021-03-16T12:13:45.670261028Z,R3SP,post,22.99999972
SG,1,12,,2021-03-16T12:22:44.924042475Z,2021-03-16T12:22:57.174162069Z,R3SP,post,12.9999999
SG,1,13,,2021-03-16T12:14:32.670678375Z,2021-03-16T12:14:53.170778216Z,R3SP,post,20.99999988
SG,1,13,,2021-03-16T12:15:12.170929531Z,2021-03-16T12:15:25.796018277Z,R3SP,post,12.9999999
SG,1,13,,2021-03-16T12:15:42.796096356Z,2021-03-16T12:15:47.671174342Z,R3SP,post,4.999999912
SG,1,13,,2021-03-16T12:15:53.296234844Z,2021-03-16T12:16:15.796383851Z,R3SP,post,21.99999948
CR,1,13,27,2021-03-16T12:21:22.298427890Z,2021-03-16T12:23:19.174460565Z,R3SP,post,117.0000003
SG,1,13,,2021-03-16T12:24:41.424906307Z,2021-03-16T12:25:14.425084582Z,R3SP,post,33.00000017
SG,1,13,,2021-03-16T12:25:19.175119147Z,2021-03-16T12:25:21.925154717Z,R3SP,post,1.999999839
CR,1,20,14,2021-03-16T12:15:34.296090322Z,2021-03-16T12:15:43.671134680Z,R3SP,post,8.999999589
SG,1,14,,2021-03-16T12:15:52.671202007Z,2021-03-16T12:15:54.921214021Z,R3SP,post,1.999999839
G,1,26,14,2021-03-16T12:19:16.922639654Z,2021-03-16T12:19:32.172718779Z,R3SP,post,15.99999997
SG,1,14,,2021-03-16T12:20:42.298163231Z,2021-03-16T12:20:46.923251406Z,R3SP,post,4.000000306
SG,1,15,,2021-03-16T12:21:04.673368930Z,2021-03-16T12:21:07.548370250Z,R3SP,post,3.000000073
SG,1,15,,2021-03-16T12:21:40.173633297Z,2021-03-16T12:22:03.048808830Z,R3SP,post,22.99999972
SG,1,15,,2021-03-16T12:22:06.548748257Z,2021-03-16T12:26:36.175668283Z,R3SP,post,270.0000003
FR,1,15,3,2021-03-16T12:25:01.425039963Z,2021-03-16T12:25:04.675016900Z,R3SP,post,3.000000073
SG,1,15,,2021-03-16T12:26:39.175680341Z,2021-03-16T12:27:03.800920671Z,R3SP,post,23.99999995
FR,1,6,15,2021-03-16T12:27:11.425924465Z,2021-03-16T12:27:16.801085434Z,R3SP,post,4.999999912
SG,1,15,,2021-03-16T12:27:20.051295450Z,2021-03-16T12:27:56.301382566Z,R3SP,post,36.00000024
SG,1,15,,2021-03-16T12:28:11.051318377Z,2021-03-16T12:28:21.801410429Z,R3SP,post,9.999999823
SG,1,16,,2021-03-16T12:20:42.298163231Z,2021-03-16T12:21:29.673554986Z,R3SP,post,47.0000003
SG,1,16,,2021-03-16T12:21:33.423520532Z,2021-03-16T12:21:36.798648416Z,R3SP,post,3.000000073
TB,1,16,,2021-03-16T12:22:17.173878032Z,2021-03-16T12:22:17.173878032Z,R3SP,post,0
TB,1,16,,2021-03-16T12:22:44.549110432Z,2021-03-16T12:22:50.799154Z,R3SP,post,6.000000145
CB,1,16,,2021-03-16T12:22:58.799131245Z,2021-03-16T12:23:15.549329069Z,R3SP,post,16.99999957
SG,1,16,,2021-03-16T12:23:28.299386710Z,2021-03-16T12:23:35.674440702Z,R3SP,post,7.000000379
SG,1,16,,2021-03-16T12:24:48.549901329Z,2021-03-16T12:24:54.675000662Z,R3SP,post,5.999999517
SG,1,16,,2021-03-16T12:24:59.175035502Z,2021-03-16T12:25:02.550048714Z,R3SP,post,2.999999444
SG,1,16,,2021-03-16T12:25:55.675437658Z,2021-03-16T12:26:01.050478319Z,R3SP,post,6.000000145
SG,1,16,,2021-03-16T12:26:17.675547041Z,2021-03-16T12:26:53.550844562Z,R3SP,post,35.99999961
TQ,1,16,29,2021-03-16T12:27:07.801273829Z,2021-03-16T12:27:24.551057851Z,R3SP,post,17.0000002
G,1,26,17,2021-03-16T12:13:22.045100744Z,2021-03-16T12:14:29.170660433Z,R3SP,post,66.99999995
CR,1,4,17,2021-03-16T12:13:47.295273318Z,2021-03-16T12:13:49.170286550Z,R3SP,post,2.000000468
G,1,23,17,2021-03-16T12:14:20.920574587Z,2021-03-16T12:14:27.545628334Z,R3SP,post,7.000000379
A,1,23,17,2021-03-16T12:14:27.295608111Z,2021-03-16T12:14:38.295644065Z,R3SP,post,11.00000006
G,1,23,17,2021-03-16T12:14:40.420656092Z,2021-03-16T12:14:46.295740202Z,R3SP,post,6.000000145
G,1,26,17,2021-03-16T12:14:42.920693346Z,2021-03-16T12:15:44.671107482Z,R3SP,post,62.00000003
G,1,26,17,2021-03-16T12:16:02.796223912Z,2021-03-16T12:16:16.796392624Z,R3SP,post,14.00000013
G,1,20,17,2021-03-16T12:16:13.296355954Z,2021-03-16T12:16:16.296383185Z,R3SP,post,3.000000073
G,1,23,17,2021-03-16T12:16:50.921552663Z,2021-03-16T12:17:02.296629230Z,R3SP,post,12.00000029
G,1,26,17,2021-03-16T12:16:56.796653335Z,2021-03-16T12:17:13.296772174Z,R3SP,post,17.0000002
G,1,26,17,2021-03-16T12:17:16.046748403Z,2021-03-16T12:17:22.546824029Z,R3SP,post,6.000000145
A,1,26,17,2021-03-16T12:17:22.546824029Z,2021-03-16T12:17:24.171835315Z,R3SP,post,1.999999839
G,1,26,17,2021-03-16T12:17:26.171797232Z,2021-03-16T12:17:47.672011526Z,R3SP,post,20.99999988
A,1,26,17,2021-03-16T12:17:49.297018647Z,2021-03-16T12:17:50.921968859Z,R3SP,post,1.000000234
G,1,26,17,2021-03-16T12:17:53.672044709Z,2021-03-16T12:18:19.172162274Z,R3SP,post,25.99999979
CR,1,23,17,2021-03-16T12:17:56.172048669Z,2021-03-16T12:17:59.297075861Z,R3SP,post,3.000000073
G,1,2,17,2021-03-16T12:20:55.673314746Z,2021-03-16T12:22:04.798832615Z,R3SP,post,69.00000041
SG,1,17,,2021-03-16T12:22:44.049069662Z,2021-03-16T12:22:46.299103538Z,R3SP,post,1.999999839
SG,1,17,,2021-03-16T12:23:44.924498322Z,2021-03-16T12:23:47.924454290Z,R3SP,post,3.000000073
SG,1,17,,2021-03-16T12:25:19.675161712Z,2021-03-16T12:25:32.175269428Z,R3SP,post,12.9999999
CR,1,24,17,2021-03-16T12:27:03.675904868Z,2021-03-16T12:27:12.925990796Z,R3SP,post,9.000000218
G,1,24,17,2021-03-16T12:27:12.925990796Z,2021-03-16T12:27:58.176301183Z,R3SP,post,46.00000007
G,1,18,5,2021-03-16T12:13:33.420223611Z,2021-03-16T12:13:45.295310756Z,R3SP,post,11.99999966
SG,1,18,,2021-03-16T12:13:50.920357754Z,2021-03-16T12:13:56.670347709Z,R3SP,post,6.000000145
SG,1,18,,2021-03-16T12:14:02.920405318Z,2021-03-16T12:14:10.170488133Z,R3SP,post,7.999999984
T,1,18,1,2021-03-16T12:16:16.421366854Z,2021-03-16T12:16:22.296408408Z,R3SP,post,6.000000145
T,1,18,7,2021-03-16T12:18:39.047350340Z,2021-03-16T12:19:10.797521246Z,R3SP,post,30.9999997
SG,1,18,,2021-03-16T12:19:25.422710738Z,2021-03-16T12:19:30.172644501Z,R3SP,post,4.999999912
SG,1,18,,2021-03-16T12:19:41.047757093Z,2021-03-16T12:19:53.422823029Z,R3SP,post,11.99999966
SG,1,18,,2021-03-16T12:19:57.547940076Z,2021-03-16T12:20:12.798031048Z,R3SP,post,14.99999973
SG,1,18,,2021-03-16T12:23:02.799178541Z,2021-03-16T12:23:06.424220166Z,R3SP,post,4.000000306
A,1,18,7,2021-03-16T12:23:10.924252063Z,2021-03-16T12:23:14.424288401Z,R3SP,post,4.000000306
SG,1,18,,2021-03-16T12:24:20.049756642Z,2021-03-16T12:24:22.549762649Z,R3SP,post,1.999999839
G,1,18,5,2021-03-16T12:25:50.550398963Z,2021-03-16T12:26:41.300725876Z,R3SP,post,50.99999998
SG,1,18,,2021-03-16T12:26:43.425772688Z,2021-03-16T12:26:46.550752174Z,R3SP,post,3.000000073
SG,1,8,,2021-03-16T12:27:20.676049230Z,2021-03-16T12:27:37.301148660Z,R3SP,post,17.0000002
SG,1,19,,2021-03-16T12:13:23.295151420Z,2021-03-16T12:14:10.045489750Z,R3SP,post,47.0000003
SG,1,19,,2021-03-16T12:14:18.545634850Z,2021-03-16T12:14:34.545626620Z,R3SP,post,15.99999997
TB,1,19,,2021-03-16T12:19:18.422644804Z,2021-03-16T12:19:27.422681212Z,R3SP,post,9.000000218
SG,1,19,,2021-03-16T12:19:48.047821840Z,2021-03-16T12:19:56.422885905Z,R3SP,post,7.999999984
TB,1,19,,2021-03-16T12:19:57.547940076Z,2021-03-16T12:20:06.422968691Z,R3SP,post,9.000000218
SG,1,19,,2021-03-16T12:21:01.423352269Z,2021-03-16T12:21:05.173377800Z,R3SP,post,4.000000306
TB,1,19,,2021-03-16T12:21:15.048520740Z,2021-03-16T12:21:40.673637005Z,R3SP,post,25.00000019
SG,1,19,,2021-03-16T12:21:47.798674290Z,2021-03-16T12:21:55.923737208Z,R3SP,post,7.999999984
TB,1,19,,2021-03-16T12:22:12.923855047Z,2021-03-16T12:22:19.173842997Z,R3SP,post,6.99999975
CR,1,20,14,2021-03-16T12:15:34.296090322Z,2021-03-16T12:15:43.671134680Z,R3SP,post,8.999999589
G,1,20,17,2021-03-16T12:16:13.296355954Z,2021-03-16T12:16:16.296383185Z,R3SP,post,3.000000073
SG,1,20,,2021-03-16T12:16:25.546413183Z,2021-03-16T12:16:33.296530247Z,R3SP,post,7.999999984
SG,1,20,,2021-03-16T12:16:45.046582709Z,2021-03-16T12:17:09.546783459Z,R3SP,post,23.99999995
SG,1,20,,2021-03-16T12:17:27.671864630Z,2021-03-16T12:17:58.672041501Z,R3SP,post,30.9999997
T,1,4,20,2021-03-16T12:19:42.047811152Z,2021-03-16T12:19:50.172854242Z,R3SP,post,7.999999984
FR,1,4,20,2021-03-16T12:23:49.799535132Z,2021-03-16T12:23:53.299506159Z,R3SP,post,3.999999678
SG,1,20,,2021-03-16T12:24:55.049999049Z,2021-03-16T12:25:01.175041039Z,R3SP,post,6.000000145
CR,1,7,21,2021-03-16T12:13:44.795260079Z,2021-03-16T12:14:15.670598152Z,R3SP,post,30.9999997
SG,1,22,,2021-03-16T12:13:21.670072093Z,2021-03-16T12:13:40.795287727Z,R3SP,post,19.00000004
TB,1,22,,2021-03-16T12:13:43.170301773Z,2021-03-16T12:14:18.045628091Z,R3SP,post,35.00000001
TB,1,22,,2021-03-16T12:17:15.546799419Z,2021-03-16T12:18:20.047169917Z,R3SP,post,65.00000011
TB,1,22,,2021-03-16T12:19:30.547703280Z,2021-03-16T12:19:57.922908873Z,R3SP,post,27.00000003
SG,1,22,,2021-03-16T12:20:33.673102668Z,2021-03-16T12:20:36.423166711Z,R3SP,post,2.999999444
TB,1,22,,2021-03-16T12:20:51.673268176Z,2021-03-16T12:21:03.173291435Z,R3SP,post,11.99999966
T,1,22,4,2021-03-16T12:21:35.298579840Z,2021-03-16T12:21:46.798715162Z,R3SP,post,11.00000006
SG,1,22,,2021-03-16T12:21:56.798759174Z,2021-03-16T12:22:34.424009341Z,R3SP,post,38.00000008
SG,1,22,,2021-03-16T12:23:24.924351774Z,2021-03-16T12:23:39.549544802Z,R3SP,post,14.99999973
TB,1,22,,2021-03-16T12:23:49.299479227Z,2021-03-16T12:24:53.049982401Z,R3SP,post,63.99999987
SG,1,22,,2021-03-16T12:24:53.049982401Z,2021-03-16T12:26:03.300487401Z,R3SP,post,70.00000002
SG,1,22,,2021-03-16T12:26:08.175527920Z,2021-03-16T12:26:22.175568026Z,R3SP,post,14.00000013
TB,1,22,,2021-03-16T12:26:23.550597693Z,2021-03-16T12:27:06.550932336Z,R3SP,post,42.99999999
SG,1,22,,2021-03-16T12:27:08.676027183Z,2021-03-16T12:27:23.926124829Z,R3SP,post,14.99999973
TB,1,22,,2021-03-16T12:27:23.926124829Z,2021-03-16T12:27:29.176099509Z,R3SP,post,6.000000145
SG,1,22,,2021-03-16T12:27:29.176099509Z,2021-03-16T12:27:53.426364375Z,R3SP,post,23.99999995
SG,1,23,,2021-03-16T12:13:24.045162556Z,2021-03-16T12:13:30.795216445Z,R3SP,post,6.000000145
G,1,23,5,2021-03-16T12:13:35.045248967Z,2021-03-16T12:13:45.295310756Z,R3SP,post,9.999999823
G,1,23,5,2021-03-16T12:13:49.795348402Z,2021-03-16T12:13:58.795357048Z,R3SP,post,8.999999589
A,1,23,5,2021-03-16T12:14:00.420432044Z,2021-03-16T12:14:02.795388702Z,R3SP,post,1.999999839
G,1,23,17,2021-03-16T12:14:20.920574587Z,2021-03-16T12:14:27.545628334Z,R3SP,post,7.000000379
A,1,23,17,2021-03-16T12:14:27.295608111Z,2021-03-16T12:14:38.295644065Z,R3SP,post,11.00000006
G,1,23,17,2021-03-16T12:14:40.420656092Z,2021-03-16T12:14:46.295740202Z,R3SP,post,6.000000145
G,1,23,17,2021-03-16T12:16:50.921552663Z,2021-03-16T12:17:02.296629230Z,R3SP,post,12.00000029
SG,1,23,,2021-03-16T12:17:23.796821376Z,2021-03-16T12:17:44.296979232Z,R3SP,post,20.99999988
CR,1,23,17,2021-03-16T12:17:56.172048669Z,2021-03-16T12:17:59.297075861Z,R3SP,post,3.000000073
G,1,23,5,2021-03-16T12:22:01.173719822Z,2021-03-16T12:22:34.549023519Z,R3SP,post,33.00000017
SG,1,23,,2021-03-16T12:22:52.799140751Z,2021-03-16T12:22:55.549115333Z,R3SP,post,3.000000073
FR,1,23,8,2021-03-16T12:24:01.049620686Z,2021-03-16T12:24:07.174641275Z,R3SP,post,6.000000145
FR,1,23,8,2021-03-16T12:24:30.049827161Z,2021-03-16T12:24:42.799872855Z,R3SP,post,12.00000029
CR,1,23,8,2021-03-16T12:25:12.425133423Z,2021-03-16T12:25:57.050397877Z,R3SP,post,44.99999983
SG,1,24,,2021-03-16T12:13:54.420348393Z,2021-03-16T12:14:11.920495872Z,R3SP,post,17.0000002
GQ,1,24,29,2021-03-16T12:17:17.671790430Z,2021-03-16T12:17:19.546823848Z,R3SP,post,2.000000468
SG,1,24,,2021-03-16T12:18:31.797296856Z,2021-03-16T12:18:38.797363126Z,R3SP,post,6.99999975
SG,1,24,,2021-03-16T12:19:06.172543374Z,2021-03-16T12:19:16.547616128Z,R3SP,post,9.999999823
A,1,24,4,2021-03-16T12:21:46.173664040Z,2021-03-16T12:21:49.548772272Z,R3SP,post,3.000000073
G,1,24,5,2021-03-16T12:23:17.799298312Z,2021-03-16T12:25:47.050314102Z,R3SP,post,149.9999999
SG,1,24,,2021-03-16T12:25:52.300407574Z,2021-03-16T12:26:13.050487332Z,R3SP,post,20.99999988
CR,1,24,17,2021-03-16T12:27:03.675904868Z,2021-03-16T12:27:12.925990796Z,R3SP,post,9.000000218
G,1,24,17,2021-03-16T12:27:12.925990796Z,2021-03-16T12:27:58.176301183Z,R3SP,post,46.00000007
SG,1,24,,2021-03-16T12:28:01.551421740Z,2021-03-16T12:28:04.301437819Z,R3SP,post,3.000000073
SG,1,24,,2021-03-16T12:28:08.051388267Z,2021-03-16T12:28:22.176489693Z,R3SP,post,14.00000013
CR,1,25,27,2021-03-16T12:15:32.046074947Z,2021-03-16T12:17:34.421854127Z,R3SP,post,122.0000002
CR,1,25,27,2021-03-16T12:19:15.797607599Z,2021-03-16T12:20:27.673116428Z,R3SP,post,71.99999986
SG,1,25,,2021-03-16T12:21:05.923332154Z,2021-03-16T12:21:10.298477668Z,R3SP,post,4.999999912
G,1,26,17,2021-03-16T12:13:22.045100744Z,2021-03-16T12:14:29.170660433Z,R3SP,post,66.99999995
SG,1,26,,2021-03-16T12:14:38.420699944Z,2021-03-16T12:14:42.045718221Z,R3SP,post,3.999999678
G,1,26,17,2021-03-16T12:14:42.920693346Z,2021-03-16T12:15:44.671107482Z,R3SP,post,62.00000003
SG,1,26,,2021-03-16T12:15:46.921168977Z,2021-03-16T12:15:52.421200493Z,R3SP,post,6.000000145
G,1,26,17,2021-03-16T12:16:02.796223912Z,2021-03-16T12:16:16.796392624Z,R3SP,post,14.00000013
G,1,26,17,2021-03-16T12:16:56.796653335Z,2021-03-16T12:17:13.296772174Z,R3SP,post,17.0000002
G,1,26,17,2021-03-16T12:17:16.046748403Z,2021-03-16T12:17:22.546824029Z,R3SP,post,6.000000145
A,1,26,17,2021-03-16T12:17:22.546824029Z,2021-03-16T12:17:24.171835315Z,R3SP,post,1.999999839
G,1,26,17,2021-03-16T12:17:26.171797232Z,2021-03-16T12:17:47.672011526Z,R3SP,post,20.99999988
A,1,26,17,2021-03-16T12:17:49.297018647Z,2021-03-16T12:17:50.921968859Z,R3SP,post,1.000000234
G,1,26,17,2021-03-16T12:17:53.672044709Z,2021-03-16T12:18:19.172162274Z,R3SP,post,25.99999979
SG,1,26,,2021-03-16T12:18:22.672246910Z,2021-03-16T12:18:25.422254263Z,R3SP,post,3.000000073
SG,1,26,,2021-03-16T12:18:37.797346027Z,2021-03-16T12:18:43.422382047Z,R3SP,post,5.999999517
FR,1,26,1,2021-03-16T12:18:49.672427106Z,2021-03-16T12:18:51.547438394Z,R3SP,post,1.999999839
G,1,26,14,2021-03-16T12:19:16.922639654Z,2021-03-16T12:19:32.172718779Z,R3SP,post,15.99999997
G,1,26,9,2021-03-16T12:21:17.798495294Z,2021-03-16T12:21:28.798617654Z,R3SP,post,11.00000006
SG,1,26,,2021-03-16T12:21:42.423632684Z,2021-03-16T12:21:51.173715363Z,R3SP,post,9.000000218
SG,1,26,,2021-03-16T12:26:52.925827756Z,2021-03-16T12:26:54.175881306Z,R3SP,post,1.999999839
SG,1,27,,2021-03-16T12:13:28.920124452Z,2021-03-16T12:14:09.045435141Z,R3SP,post,40.99999953
CR,1,25,27,2021-03-16T12:15:32.046074947Z,2021-03-16T12:17:34.421854127Z,R3SP,post,122.0000002
CR,1,25,27,2021-03-16T12:19:15.797607599Z,2021-03-16T12:20:27.673116428Z,R3SP,post,71.99999986
CR,1,13,27,2021-03-16T12:21:22.298427890Z,2021-03-16T12:23:19.174460565Z,R3SP,post,117.0000003
FR,1,28,4,2021-03-16T12:14:20.545606687Z,2021-03-16T12:14:22.920532773Z,R3SP,post,1.999999839
SG,1,28,,2021-03-16T12:14:34.420611085Z,2021-03-16T12:15:01.295885552Z,R3SP,post,27.00000003
SG,1,29,,2021-03-16T12:13:21.920107455Z,2021-03-16T12:13:29.795189659Z,R3SP,post,7.999999984
GQ,1,24,29,2021-03-16T12:17:17.671790430Z,2021-03-16T12:17:19.546823848Z,R3SP,post,2.000000468
TQ,1,16,29,2021-03-16T12:27:07.801273829Z,2021-03-16T12:27:24.551057851Z,R3SP,post,17.0000002
